,accuracy,auc,logloss,baseline,hit_rate,improvement,betting_edge
prime_performer,1.0,1.0,0.08666080392669774,0.6717033979509103,0.3282966020490897,0.3282966020490897,0.3282966020490897
veteran_reliability,1.0,1.0,0.07117303213653191,0.8205203803346355,0.1794796196653645,0.17947961966536452,0.1794796196653645
high_volume,1.0,1.0,0.052186645923606445,0.6264465246554138,0.3735534753445861,0.37355347534458616,0.3735534753445861
